{
  "model": "standard",
  "width": 1920,
  "height": 1080,
  "camera_matrix": [
    [
      1235.807239693415,
      0.0,
      907.7249056230158
    ],
    [
      0.0,
      1235.8812128245718,
      487.45420043321184
    ],
    [
      0.0,
      0.0,
      1.0
    ]
  ],
  "dist_coeffs": [
    -0.4286740495225621,
    0.2023402580159235,
    -0.0002967360334015363,
    -0.001392666562473603,
    -0.04776443135190177
  ],
  "rms_reproj_px": 0.31973286156282155,
  "n_views": 25,
  "sheet_scale": 1.0,
  "fovy_deg": 47.20442035229455,
  "fovx_deg": 75.68156356398023
}