{
  "model": "standard",
  "width": 1920,
  "height": 1080,
  "camera_matrix": [
    [
      1241.4675135543143,
      0.0,
      906.477072399495
    ],
    [
      0.0,
      1244.7138878734688,
      557.005120992617
    ],
    [
      0.0,
      0.0,
      1.0
    ]
  ],
  "dist_coeffs": [
    -0.4262986455669437,
    0.20276676305733768,
    0.001122062182242217,
    -0.00061810743824305,
    -0.04985113952576224
  ],
  "rms_reproj_px": 0.8997335361210135,
  "n_views": 32,
  "sheet_scale": 1.0,
  "fovy_deg": 46.90574051395239,
  "fovx_deg": 75.42801273780842
}